#SampleID	BarcodeSequence	LinkerPrimerSequence	Description	ReversePrimer	dog_breed	treatment	forward_read_path	reverse_read_path
Dog10	NNNNNGTGCCAGCMGCCGCGGTAA	NNNNNGGACTACHVGGGTWTCTAAT	Dog_K	NNNNNGGACTACHVGGGTWTCTAAT	K	4	/home/gerrit/scratch/h3abionet16S/dog_stool_samples/Dog10_R1.fastq	/home/gerrit/scratch/h3abionet16S/dog_stool_samples/Dog10_R2.fastq
Dog15	NNNNNGTGCCAGCMGCCGCGGTAC	NNNNNGGACTACHVGGGTWTCTAAT	Dog_B	NNNNNGGACTACHVGGGTWTCTAAT	B	1	/home/gerrit/scratch/h3abionet16S/dog_stool_samples/Dog15_R1.fastq	/home/gerrit/scratch/h3abionet16S/dog_stool_samples/Dog15_R2.fastq
Dog16	NNNNNGTGCCAGCMGCCGCGGTAG	NNNNNGGACTACHVGGGTWTCTAAT	Dog_G	NNNNNGGACTACHVGGGTWTCTAAT	G	4	/home/gerrit/scratch/h3abionet16S/dog_stool_samples/Dog16_R1.fastq	/home/gerrit/scratch/h3abionet16S/dog_stool_samples/Dog16_R2.fastq
Dog17	NNNNNGTGCCAGCMGCCGCGGTAT	NNNNNGGACTACHVGGGTWTCTAAT	Dog_K	NNNNNGGACTACHVGGGTWTCTAAT	K	0	/home/gerrit/scratch/h3abionet16S/dog_stool_samples/Dog17_R1.fastq	/home/gerrit/scratch/h3abionet16S/dog_stool_samples/Dog17_R2.fastq
Dog1	NNNNNGTGCCAGCMGCCGCGGTCA	NNNNNGGACTACHVGGGTWTCTAAT	Dog_B	NNNNNGGACTACHVGGGTWTCTAAT	B	2	/home/gerrit/scratch/h3abionet16S/dog_stool_samples/Dog1_R1.fastq	/home/gerrit/scratch/h3abionet16S/dog_stool_samples/Dog1_R2.fastq
Dog22	NNNNNGTGCCAGCMGCCGCGGTCC	NNNNNGGACTACHVGGGTWTCTAAT	Dog_B	NNNNNGGACTACHVGGGTWTCTAAT	B	3	/home/gerrit/scratch/h3abionet16S/dog_stool_samples/Dog22_R1.fastq	/home/gerrit/scratch/h3abionet16S/dog_stool_samples/Dog22_R2.fastq
Dog23	NNNNNGTGCCAGCMGCCGCGGTCG	NNNNNGGACTACHVGGGTWTCTAAT	Dog_G	NNNNNGGACTACHVGGGTWTCTAAT	G	1	/home/gerrit/scratch/h3abionet16S/dog_stool_samples/Dog23_R1.fastq	/home/gerrit/scratch/h3abionet16S/dog_stool_samples/Dog23_R2.fastq
Dog24	NNNNNGTGCCAGCMGCCGCGGTAT	NNNNNGGACTACHVGGGTWTCTAAT	Dog_K	NNNNNGGACTACHVGGGTWTCTAAT	K	2	/home/gerrit/scratch/h3abionet16S/dog_stool_samples/Dog24_R1.fastq	/home/gerrit/scratch/h3abionet16S/dog_stool_samples/Dog24_R2.fastq
Dog29	NNNNNGTGCCAGCMGCCGCGGTGA	NNNNNGGACTACHVGGGTWTCTAAT	Dog_B	NNNNNGGACTACHVGGGTWTCTAAT	B	0	/home/gerrit/scratch/h3abionet16S/dog_stool_samples/Dog29_R1.fastq	/home/gerrit/scratch/h3abionet16S/dog_stool_samples/Dog29_R2.fastq
Dog2	NNNNNGTGCCAGCMGCCGCGGTGC	NNNNNGGACTACHVGGGTWTCTAAT	Dog_G	NNNNNGGACTACHVGGGTWTCTAAT	G	3	/home/gerrit/scratch/h3abionet16S/dog_stool_samples/Dog2_R1.fastq	/home/gerrit/scratch/h3abionet16S/dog_stool_samples/Dog2_R2.fastq
Dog30	NNNNNGTGCCAGCMGCCGCGGTGG	NNNNNGGACTACHVGGGTWTCTAAT	Dog_G	NNNNNGGACTACHVGGGTWTCTAAT	G	2	/home/gerrit/scratch/h3abionet16S/dog_stool_samples/Dog30_R1.fastq	/home/gerrit/scratch/h3abionet16S/dog_stool_samples/Dog30_R2.fastq
Dog31	NNNNNGTGCCAGCMGCCGCGGTGT	NNNNNGGACTACHVGGGTWTCTAAT	Dog_K	NNNNNGGACTACHVGGGTWTCTAAT	K	1	/home/gerrit/scratch/h3abionet16S/dog_stool_samples/Dog31_R1.fastq	/home/gerrit/scratch/h3abionet16S/dog_stool_samples/Dog31_R2.fastq
Dog3	NNNNNGTGCCAGCMGCCGCGGTTA	NNNNNGGACTACHVGGGTWTCTAAT	Dog_K	NNNNNGGACTACHVGGGTWTCTAAT	K	3	/home/gerrit/scratch/h3abionet16S/dog_stool_samples/Dog3_R1.fastq	/home/gerrit/scratch/h3abionet16S/dog_stool_samples/Dog3_R2.fastq
Dog8	NNNNNGTGCCAGCMGCCGCGGTTC	NNNNNGGACTACHVGGGTWTCTAAT	Dog_B	NNNNNGGACTACHVGGGTWTCTAAT	B	4	/home/gerrit/scratch/h3abionet16S/dog_stool_samples/Dog8_R1.fastq	/home/gerrit/scratch/h3abionet16S/dog_stool_samples/Dog8_R2.fastq
Dog9	NNNNNGTGCCAGCMGCCGCGGTTG	NNNNNGGACTACHVGGGTWTCTAAT	Dog_G	NNNNNGGACTACHVGGGTWTCTAAT	G	0	/home/gerrit/scratch/h3abionet16S/dog_stool_samples/Dog9_R1.fastq	/home/gerrit/scratch/h3abionet16S/dog_stool_samples/Dog9_R2.fastq
